{
  "brand": "Lifers Safety Classifier",
  "version": 1,
  "input_dim": 64,
  "W": [
    4.753482818603516,
    -8.708062171936035,
    -19.571563720703125,
    12.737736701965332,
    7.859145164489746,
    -1.668852686882019,
    18.747583389282227,
    -4.8222832679748535,
    -4.27353048324585,
    -1.6024610996246338,
    -8.471352577209473,
    14.922455787658691,
    -6.310903072357178,
    2.386843681335449,
    5.898613452911377,
    -22.719697952270508,
    13.272493362426758,
    2.703603506088257,
    -16.867996215820312,
    2.2292399406433105,
    -4.087519645690918,
    6.035224914550781,
    -9.788249969482422,
    -9.135485649108887,
    19.553829193115234,
    20.852296829223633,
    1.5523589849472046,
    6.549698829650879,
    14.909459114074707,
    7.566213607788086,
    11.553523063659668,
    -1.2898882627487183,
    -2.5352461338043213,
    -2.2811262607574463,
    0.8583360314369202,
    1.3950451612472534,
    1.1742995977401733,
    1.7556802034378052,
    1.6281195878982544,
    0.7819913029670715,
    0.8824073076248169,
    0.7667136788368225,
    0.8388434648513794,
    0.12198895961046219,
    0.2752147614955902,
    0.48280155658721924,
    0.48539361357688904,
    0.46057119965553284,
    0.3534361720085144,
    0.32236960530281067,
    0.13324083387851715,
    0.20114916563034058,
    0.11323077231645584,
    0.44611674547195435,
    0.36030998826026917,
    0.4243127703666687,
    0.34160780906677246,
    0.7969078421592712,
    1.1133126020431519,
    0.6397554278373718,
    0.38520824909210205,
    0.02814340963959694,
    0.04893665015697479,
    0.04803793132305145
  ],
  "b": 1.4180727005004883,
  "vocab": {
    " ": 1,
    "'": 2,
    "(": 3,
    ")": 4,
    "+": 5,
    ",": 6,
    "-": 7,
    ".": 8,
    "/": 9,
    "1": 10,
    "2": 11,
    "3": 12,
    "4": 13,
    "5": 14,
    "6": 15,
    "7": 16,
    ":": 17,
    ";": 18,
    "<": 19,
    "=": 20,
    ">": 21,
    "?": 22,
    "_": 23,
    "a": 24,
    "b": 25,
    "c": 26,
    "d": 27,
    "e": 28,
    "f": 29,
    "g": 30,
    "h": 31,
    "i": 32,
    "k": 33,
    "l": 34,
    "m": 35,
    "n": 36,
    "o": 37,
    "p": 38,
    "q": 39,
    "r": 40,
    "s": 41,
    "t": 42,
    "u": 43,
    "v": 44,
    "w": 45,
    "x": 46,
    "y": 47,
    "|": 48,
    "。": 49,
    "一": 50,
    "三": 51,
    "上": 52,
    "下": 53,
    "不": 54,
    "个": 55,
    "中": 56,
    "主": 57,
    "么": 58,
    "之": 59,
    "书": 60,
    "了": 61,
    "互": 62,
    "交": 63,
    "人": 64,
    "仇": 65,
    "今": 66,
    "从": 67,
    "代": 68,
    "件": 69,
    "份": 70,
    "休": 71,
    "优": 72,
    "会": 73,
    "伪": 74,
    "何": 75,
    "作": 76,
    "使": 77,
    "便": 78,
    "假": 79,
    "先": 80,
    "入": 81,
    "关": 82,
    "写": 83,
    "准": 84,
    "出": 85,
    "分": 86,
    "划": 87,
    "利": 88,
    "别": 89,
    "到": 90,
    "制": 91,
    "前": 92,
    "功": 93,
    "加": 94,
    "助": 95,
    "化": 96,
    "匿": 97,
    "单": 98,
    "危": 99,
    "历": 100,
    "参": 101,
    "友": 102,
    "发": 103,
    "取": 104,
    "口": 105,
    "号": 106,
    "合": 107,
    "吗": 108,
    "周": 109,
    "呼": 110,
    "品": 111,
    "回": 112,
    "在": 113,
    "场": 114,
    "基": 115,
    "备": 116,
    "外": 117,
    "多": 118,
    "大": 119,
    "天": 120,
    "女": 121,
    "她": 122,
    "好": 123,
    "如": 124,
    "存": 125,
    "学": 126,
    "安": 127,
    "完": 128,
    "实": 129,
    "客": 130,
    "密": 131,
    "对": 132,
    "工": 133,
    "已": 134,
    "布": 135,
    "帮": 136,
    "常": 137,
    "库": 138,
    "应": 139,
    "度": 140,
    "开": 141,
    "异": 142,
    "式": 143,
    "当": 144,
    "录": 145,
    "很": 146,
    "心": 147,
    "怎": 148,
    "思": 149,
    "恨": 150,
    "息": 151,
    "悉": 152,
    "您": 153,
    "意": 154,
    "成": 155,
    "我": 156,
    "所": 157,
    "打": 158,
    "技": 159,
    "折": 160,
    "招": 161,
    "排": 162,
    "接": 163,
    "教": 164,
    "散": 165,
    "整": 166,
    "料": 167,
    "新": 168,
    "方": 169,
    "族": 170,
    "日": 171,
    "早": 172,
    "时": 173,
    "明": 174,
    "是": 175,
    "景": 176,
    "暖": 177,
    "更": 178,
    "最": 179,
    "有": 180,
    "朋": 181,
    "未": 182,
    "本": 183,
    "术": 184,
    "来": 185,
    "板": 186,
    "析": 187,
    "某": 188,
    "查": 189,
    "标": 190,
    "核": 191,
    "案": 192,
    "检": 193,
    "模": 194,
    "次": 195,
    "欢": 196,
    "正": 197,
    "步": 198,
    "毒": 199,
    "气": 200,
    "沙": 201,
    "法": 202,
    "注": 203,
    "测": 204,
    "混": 205,
    "添": 206,
    "清": 207,
    "温": 208,
    "源": 209,
    "炸": 210,
    "熟": 211,
    "爆": 212,
    "物": 213,
    "率": 214,
    "现": 215,
    "理": 216,
    "生": 217,
    "用": 218,
    "留": 219,
    "病": 220,
    "的": 221,
    "监": 222,
    "盒": 223,
    "盗": 224,
    "目": 225,
    "相": 226,
    "看": 227,
    "知": 228,
    "码": 229,
    "研": 230,
    "破": 231,
    "社": 232,
    "禁": 233,
    "种": 234,
    "程": 235,
    "究": 236,
    "签": 237,
    "算": 238,
    "精": 239,
    "系": 240,
    "级": 241,
    "线": 242,
    "练": 243,
    "组": 244,
    "细": 245,
    "经": 246,
    "络": 247,
    "统": 248,
    "网": 249,
    "考": 250,
    "聊": 251,
    "能": 252,
    "良": 253,
    "苦": 254,
    "藏": 255,
    "虚": 256,
    "行": 257,
    "表": 258,
    "要": 259,
    "视": 260,
    "角": 261,
    "解": 262,
    "言": 263,
    "计": 264,
    "让": 265,
    "训": 266,
    "记": 267,
    "论": 268,
    "证": 269,
    "识": 270,
    "试": 271,
    "该": 272,
    "详": 273,
    "语": 274,
    "说": 275,
    "请": 276,
    "账": 277,
    "资": 278,
    "走": 279,
    "趣": 280,
    "辛": 281,
    "过": 282,
    "迎": 283,
    "运": 284,
    "这": 285,
    "违": 286,
    "迭": 287,
    "适": 288,
    "造": 289,
    "道": 290,
    "邮": 291,
    "都": 292,
    "针": 293,
    "钓": 294,
    "银": 295,
    "错": 296,
    "门": 297,
    "问": 298,
    "间": 299,
    "险": 300,
    "需": 301,
    "面": 302,
    "音": 303,
    "项": 304,
    "顺": 305,
    "预": 306,
    "题": 307,
    "验": 308,
    "骤": 309,
    "鱼": 310,
    "！": 311,
    "，": 312,
    "：": 313,
    "？": 314
  }
}